<?xml version="1.0" encoding="UTF-8"?>
<project-private xmlns="http://www.netbeans.org/ns/project-private/1">
    <editor-bookmarks xmlns="http://www.netbeans.org/ns/editor-bookmarks/2" lastBookmarkId="0"/>
    <open-files xmlns="http://www.netbeans.org/ns/projectui-open-files/2">
        <group>
            <file>file:/opt/lampp/htdocs/MyShopWeb/Controller/Url</file>
            <file>file:/opt/lampp/htdocs/MyShopWeb/Controller/Casi%20d'uso</file>
            <file>file:/opt/lampp/htdocs/MyShopWeb/Model/Immagine.class.php</file>
            <file>file:/opt/lampp/htdocs/MyShopWeb/Foundation/FDB.php</file>
            <file>file:/opt/lampp/htdocs/MyShopWeb/Controller/CRicercaImmagini.php</file>
            <file>file:/opt/lampp/htdocs/MyShopWeb/index.php</file>
        </group>
    </open-files>
</project-private>
